{"batch/loss": NaN, "batch/accuracy": 0.6655498147010803, "batch/batch_step": 2305, "batch/learning_rate": 0.0005876718205399811, "_timestamp": 1722911482.3122401, "_runtime": 237.43549013137817, "_step": 475, "epoch/loss": NaN, "epoch/accuracy": 0.6655498147010803, "epoch/val_loss": NaN, "epoch/val_accuracy": 0.6765432357788086, "epoch/lr": 0.0005876718205399811, "epoch/epoch": 13, "epoch/learning_rate": 0.0005876718205399811, "_wandb": {"runtime": 240}}