{"batch/loss": 0.5324157476425171, "batch/accuracy": 0.7615997791290283, "batch/batch_step": 1165, "batch/learning_rate": 0.0011287917150184512, "_timestamp": 1722910585.152944, "_runtime": 153.47258305549622, "_step": 242, "epoch/loss": 0.5337395668029785, "epoch/accuracy": 0.760787308216095, "epoch/val_loss": 0.6862292885780334, "epoch/val_accuracy": 0.5496277809143066, "epoch/lr": 0.0011287917150184512, "epoch/epoch": 8, "epoch/learning_rate": 0.0011287917150184512, "_wandb": {"runtime": 156}}