{"batch/loss": NaN, "batch/accuracy": 0.6631773114204407, "batch/batch_step": 835, "batch/learning_rate": 0.0019968459382653236, "_timestamp": 1722911233.3481693, "_runtime": 119.06764435768127, "_step": 174, "epoch/loss": NaN, "epoch/accuracy": 0.6629842519760132, "epoch/val_loss": NaN, "epoch/val_accuracy": 0.6816502213478088, "epoch/lr": 0.0019968459382653236, "epoch/epoch": 6, "epoch/learning_rate": 0.0019968459382653236, "_wandb": {"runtime": 121}}