{"batch/loss": NaN, "batch/accuracy": 0.6591048240661621, "batch/batch_step": 1275, "batch/learning_rate": 0.0018000962445512414, "_timestamp": 1722910733.1312728, "_runtime": 135.9240207672119, "_step": 263, "epoch/loss": NaN, "epoch/accuracy": 0.6586962938308716, "epoch/val_loss": NaN, "epoch/val_accuracy": 0.6774393916130066, "epoch/lr": 0.0018000962445512414, "epoch/epoch": 7, "epoch/learning_rate": 0.0018000962445512414, "_wandb": {"runtime": 138}}