{"batch/loss": NaN, "batch/accuracy": 0.6658211946487427, "batch/batch_step": 985, "batch/learning_rate": 0.0009398905676789582, "_timestamp": 1722912239.2672997, "_runtime": 143.72098970413208, "_step": 206, "epoch/loss": NaN, "epoch/accuracy": 0.6679902076721191, "epoch/val_loss": NaN, "epoch/val_accuracy": 0.6756756901741028, "epoch/lr": 0.0009398905676789582, "epoch/epoch": 8, "epoch/learning_rate": 0.0009398905676789582, "_wandb": {"runtime": 146}}