{"batch/loss": NaN, "batch/accuracy": 0.6638115644454956, "batch/batch_step": 940, "batch/learning_rate": 0.0005120577989146113, "_timestamp": 1722911613.7624204, "_runtime": 120.91785836219788, "_step": 195, "epoch/loss": NaN, "epoch/accuracy": 0.6636308431625366, "epoch/val_loss": NaN, "epoch/val_accuracy": 0.6812121272087097, "epoch/lr": 0.0005120577989146113, "epoch/epoch": 6, "epoch/learning_rate": 0.0005120577989146113, "_wandb": {"runtime": 123}}