{"batch/loss": NaN, "batch/accuracy": 0.6664122343063354, "batch/batch_step": 2020, "batch/learning_rate": 0.0018742413958534598, "_timestamp": 1722911875.0560327, "_runtime": 249.5718126296997, "_step": 419, "epoch/loss": NaN, "epoch/accuracy": 0.6657575964927673, "epoch/val_loss": NaN, "epoch/val_accuracy": 0.6767427325248718, "epoch/lr": 0.0018742413958534598, "epoch/epoch": 14, "epoch/learning_rate": 0.0018742413958534598, "_wandb": {"runtime": 252}}