{"batch/loss": NaN, "batch/accuracy": 0.663982629776001, "batch/batch_step": 1315, "batch/learning_rate": 0.001966271083801985, "_timestamp": 1722912076.3851736, "_runtime": 188.18634748458862, "_step": 275, "epoch/loss": NaN, "epoch/accuracy": 0.6633738875389099, "epoch/val_loss": NaN, "epoch/val_accuracy": 0.672749400138855, "epoch/lr": 0.001966271083801985, "epoch/epoch": 11, "epoch/learning_rate": 0.001966271083801985, "_wandb": {"runtime": 190}}