{"batch/loss": NaN, "batch/accuracy": 0.6642637848854065, "batch/batch_step": 905, "batch/learning_rate": 0.001794937765225768, "_timestamp": 1722911103.9037395, "_runtime": 117.43401956558228, "_step": 188, "epoch/loss": NaN, "epoch/accuracy": 0.6643335223197937, "epoch/val_loss": NaN, "epoch/val_accuracy": 0.6743175983428955, "epoch/lr": 0.001794937765225768, "epoch/epoch": 6, "epoch/learning_rate": 0.001794937765225768, "_wandb": {"runtime": 119}}