{"batch/loss": 0.6345937252044678, "batch/accuracy": 0.6696198582649231, "batch/batch_step": 7795, "batch/learning_rate": 0.0010000000474974513, "_timestamp": 1722846196.593985, "_runtime": 208.3467891216278, "_step": 1569, "epoch/loss": 0.6344107985496521, "epoch/accuracy": 0.6698841452598572, "epoch/val_loss": 0.6365150213241577, "epoch/val_accuracy": 0.6666666865348816, "epoch/lr": 0.0010000000474974513, "epoch/epoch": 9, "epoch/learning_rate": 0.0010000000474974513}