{"batch/loss": 0.513638436794281, "batch/accuracy": 0.7578930258750916, "batch/batch_step": 7795, "batch/learning_rate": 0.0010000000474974513, "_timestamp": 1722892139.6098313, "_runtime": 211.0421543121338, "_step": 1569, "epoch/loss": 0.5133460760116577, "epoch/accuracy": 0.7580437660217285, "epoch/val_loss": 0.7377158403396606, "epoch/val_accuracy": 0.6074721217155457, "epoch/lr": 0.0010000000474974513, "epoch/epoch": 9, "epoch/learning_rate": 0.0010000000474974513, "_wandb": {"runtime": 225}}