{"batch/loss": 0.4996047019958496, "batch/accuracy": 0.765302836894989, "batch/batch_step": 7795, "batch/learning_rate": 0.0010000000474974513, "_timestamp": 1722908542.1434636, "_runtime": 214.33254051208496, "_step": 1569, "epoch/loss": 0.49923571944236755, "epoch/accuracy": 0.7656049132347107, "epoch/val_loss": 0.7757356762886047, "epoch/val_accuracy": 0.5900048613548279, "epoch/lr": 0.0010000000474974513, "epoch/epoch": 9, "epoch/learning_rate": 0.0010000000474974513, "_wandb": {"runtime": 2095}}