{"batch/loss": NaN, "batch/accuracy": 0.6653374433517456, "batch/batch_step": 1815, "batch/learning_rate": 0.001791705726645887, "_timestamp": 1722910974.3652995, "_runtime": 230.00448155403137, "_step": 377, "epoch/loss": NaN, "epoch/accuracy": 0.6666159629821777, "epoch/val_loss": NaN, "epoch/val_accuracy": 0.6799750328063965, "epoch/lr": 0.001791705726645887, "epoch/epoch": 13, "epoch/learning_rate": 0.001791705726645887, "_wandb": {"runtime": 232}}